{
  "dataset": "pamap2",
  "fusion":"hybrid",
  "calibration_metrics": {
    "ece": 0.9795803018572564,
    "bins": [
      0.0,
      0.06666666666666667,
      0.13333333333333333,
      0.2,
      0.26666666666666666,
      0.3333333333333333,
      0.4,
      0.4666666666666667,
      0.5333333333333333,
      0.6,
      0.6666666666666666,
      0.7333333333333333,
      0.8,
      0.8666666666666667,
      0.9333333333333333
    ],
    "accuracy_per_bin": [
      0.0,
      0.0,
      0.0,
      0.0,
      0.0,
      0.0,
      0.0,
      0.0,
      0.0,
      0.0,
      0.0,
      0.0,
      0.0,
      0.0,
      0.0
    ],
    "confidence_per_bin": [
      0.03333333333333333,
      0.1,
      0.16666666666666669,
      0.23333333333333334,
      0.3,
      0.37610989809036255,
      0.4356999695301056,
      0.5031380653381348,
      0.5671276450157166,
      0.6087705492973328,
      0.7056761980056763,
      0.7686195373535156,
      0.8345195055007935,
      0.90299391746521,
      0.9980201721191406
    ],
    "samples_per_bin": [
      0,
      0,
      0,
      0,
      0,
      2,
      8,
      24,
      26,
      112,
      26,
      49,
      51,
      83,
      5448
    ]
  }
}